./dataset\train\0000000.h5,3,9600000,9600,15
./dataset\train\0000001.h5,0,9600000,9600,15
./dataset\train\0000002.h5,6,9600000,9600,15
./dataset\train\0000003.h5,3,9600000,9600,15
./dataset\train\0000004.h5,7,9600000,9600,15
./dataset\train\0000005.h5,8,9600000,9600,15
./dataset\train\0000006.h5,8,9600000,9600,15
./dataset\train\0000007.h5,7,9600000,9600,15
./dataset\train\0000008.h5,4,9600000,9600,15
./dataset\train\0000009.h5,2,9600000,9600,15
./dataset\train\0000010.h5,2,9600000,9600,15
./dataset\train\0000011.h5,0,9600000,9600,15
./dataset\train\0000012.h5,8,9600000,9600,15
./dataset\train\0000013.h5,0,9600000,9600,15
./dataset\train\0000014.h5,6,9600000,9600,15
./dataset\train\0000015.h5,5,9600000,9600,15
./dataset\train\0000016.h5,7,9600000,9600,15
./dataset\train\0000017.h5,2,9600000,9600,15
./dataset\train\0000018.h5,2,9600000,9600,15
./dataset\train\0000019.h5,9,9600000,9600,15
./dataset\train\0000020.h5,5,9600000,9600,15
./dataset\train\0000021.h5,5,9600000,9600,15
./dataset\train\0000022.h5,0,9600000,9600,15
./dataset\train\0000023.h5,3,9600000,9600,15
./dataset\train\0000024.h5,3,9600000,9600,15
./dataset\train\0000025.h5,7,9600000,9600,15
./dataset\train\0000026.h5,8,9600000,9600,15
./dataset\train\0000027.h5,6,9600000,9600,15
./dataset\train\0000028.h5,7,9600000,9600,15
./dataset\train\0000029.h5,0,9600000,9600,15
./dataset\train\0000030.h5,5,9600000,9600,15
./dataset\train\0000031.h5,3,9600000,9600,15
./dataset\train\0000032.h5,9,9600000,9600,15
./dataset\train\0000033.h5,1,9600000,9600,15
./dataset\train\0000034.h5,6,9600000,9600,15
./dataset\train\0000035.h5,9,9600000,9600,15
./dataset\train\0000036.h5,7,9600000,9600,15
./dataset\train\0000037.h5,6,9600000,9600,15
./dataset\train\0000038.h5,0,9600000,9600,15
./dataset\train\0000039.h5,6,9600000,9600,15
./dataset\train\0000040.h5,7,9600000,9600,15
./dataset\train\0000041.h5,6,9600000,9600,15
./dataset\train\0000042.h5,1,9600000,9600,15
./dataset\train\0000043.h5,9,9600000,9600,15
./dataset\train\0000044.h5,6,9600000,9600,15
./dataset\train\0000045.h5,9,9600000,9600,15
./dataset\train\0000046.h5,5,9600000,9600,15
./dataset\train\0000047.h5,9,9600000,9600,15
./dataset\train\0000048.h5,1,9600000,9600,15
./dataset\train\0000049.h5,6,9600000,9600,15
./dataset\train\0000050.h5,5,9600000,9600,15
./dataset\train\0000051.h5,6,9600000,9600,15
./dataset\train\0000052.h5,8,9600000,9600,15
./dataset\train\0000053.h5,6,9600000,9600,15
./dataset\train\0000054.h5,4,9600000,9600,15
./dataset\train\0000055.h5,0,9600000,9600,15
./dataset\train\0000056.h5,8,9600000,9600,15
./dataset\train\0000057.h5,1,9600000,9600,15
./dataset\train\0000058.h5,8,9600000,9600,15
./dataset\train\0000059.h5,9,9600000,9600,15
./dataset\train\0000060.h5,6,9600000,9600,15
./dataset\train\0000061.h5,8,9600000,9600,15
./dataset\train\0000062.h5,3,9600000,9600,15
./dataset\train\0000063.h5,3,9600000,9600,15
./dataset\train\0000064.h5,9,9600000,9600,15
./dataset\train\0000065.h5,3,9600000,9600,15
./dataset\train\0000066.h5,1,9600000,9600,15
./dataset\train\0000067.h5,8,9600000,9600,15
./dataset\train\0000068.h5,2,9600000,9600,15
./dataset\train\0000069.h5,4,9600000,9600,15
./dataset\train\0000070.h5,9,9600000,9600,15
./dataset\train\0000071.h5,0,9600000,9600,15
./dataset\train\0000072.h5,1,9600000,9600,15
./dataset\train\0000073.h5,4,9600000,9600,15
./dataset\train\0000074.h5,4,9600000,9600,15
./dataset\train\0000075.h5,9,9600000,9600,15
./dataset\train\0000076.h5,9,9600000,9600,15
./dataset\train\0000077.h5,6,9600000,9600,15
./dataset\train\0000078.h5,5,9600000,9600,15
./dataset\train\0000079.h5,3,9600000,9600,15
./dataset\train\0000080.h5,7,9600000,9600,15
./dataset\train\0000081.h5,4,9600000,9600,15
./dataset\train\0000082.h5,8,9600000,9600,15
./dataset\train\0000083.h5,8,9600000,9600,15
./dataset\train\0000084.h5,5,9600000,9600,15
./dataset\train\0000085.h5,9,9600000,9600,15
./dataset\train\0000086.h5,4,9600000,9600,15
./dataset\train\0000087.h5,6,9600000,9600,15
./dataset\train\0000088.h5,7,9600000,9600,15
./dataset\train\0000089.h5,5,9600000,9600,15
./dataset\train\0000090.h5,5,9600000,9600,15
./dataset\train\0000091.h5,2,9600000,9600,15
./dataset\train\0000092.h5,8,9600000,9600,15
./dataset\train\0000093.h5,7,9600000,9600,15
./dataset\train\0000094.h5,6,9600000,9600,15
./dataset\train\0000095.h5,4,9600000,9600,15
./dataset\train\0000096.h5,7,9600000,9600,15
./dataset\train\0000097.h5,1,9600000,9600,15
./dataset\train\0000098.h5,4,9600000,9600,15
./dataset\train\0000099.h5,4,9600000,9600,15
./dataset\train\0000100.h5,0,9600000,9600,15
./dataset\train\0000101.h5,2,9600000,9600,15
./dataset\train\0000102.h5,9,9600000,9600,15
./dataset\train\0000103.h5,1,9600000,9600,15
./dataset\train\0000104.h5,5,9600000,9600,15
./dataset\train\0000105.h5,6,9600000,9600,15
./dataset\train\0000106.h5,3,9600000,9600,15
./dataset\train\0000107.h5,9,9600000,9600,15
./dataset\train\0000108.h5,9,9600000,9600,15
./dataset\train\0000109.h5,1,9600000,9600,15
./dataset\train\0000110.h5,6,9600000,9600,15
./dataset\train\0000111.h5,7,9600000,9600,15
./dataset\train\0000112.h5,8,9600000,9600,15
./dataset\train\0000113.h5,3,9600000,9600,15
./dataset\train\0000114.h5,3,9600000,9600,15
./dataset\train\0000115.h5,8,9600000,9600,15
./dataset\train\0000116.h5,9,9600000,9600,15
./dataset\train\0000117.h5,1,9600000,9600,15
./dataset\train\0000118.h5,6,9600000,9600,15
./dataset\train\0000119.h5,6,9600000,9600,15
./dataset\train\0000120.h5,4,9600000,9600,15
./dataset\train\0000121.h5,8,9600000,9600,15
./dataset\train\0000122.h5,4,9600000,9600,15
./dataset\train\0000123.h5,9,9600000,9600,15
./dataset\train\0000124.h5,3,9600000,9600,15
./dataset\train\0000125.h5,1,9600000,9600,15
./dataset\train\0000126.h5,6,9600000,9600,15
./dataset\train\0000127.h5,1,9600000,9600,15
./dataset\train\0000128.h5,7,9600000,9600,15
./dataset\train\0000129.h5,6,9600000,9600,15
./dataset\train\0000130.h5,0,9600000,9600,15
./dataset\train\0000131.h5,4,9600000,9600,15
./dataset\train\0000132.h5,8,9600000,9600,15
./dataset\train\0000133.h5,6,9600000,9600,15
./dataset\train\0000134.h5,9,9600000,9600,15
./dataset\train\0000135.h5,7,9600000,9600,15
./dataset\train\0000136.h5,4,9600000,9600,15
./dataset\train\0000137.h5,7,9600000,9600,15
./dataset\train\0000138.h5,6,9600000,9600,15
./dataset\train\0000139.h5,5,9600000,9600,15
./dataset\train\0000140.h5,6,9600000,9600,15
./dataset\train\0000141.h5,5,9600000,9600,15
./dataset\train\0000142.h5,7,9600000,9600,15
./dataset\train\0000143.h5,8,9600000,9600,15
./dataset\train\0000144.h5,4,9600000,9600,15
./dataset\train\0000145.h5,8,9600000,9600,15
./dataset\train\0000146.h5,2,9600000,9600,15
./dataset\train\0000147.h5,9,9600000,9600,15
./dataset\train\0000148.h5,3,9600000,9600,15
./dataset\train\0000149.h5,4,9600000,9600,15
./dataset\train\0000150.h5,8,9600000,9600,15
./dataset\train\0000151.h5,2,9600000,9600,15
./dataset\train\0000152.h5,0,9600000,9600,15
./dataset\train\0000153.h5,6,9600000,9600,15
./dataset\train\0000154.h5,0,9600000,9600,15
./dataset\train\0000155.h5,3,9600000,9600,15
./dataset\train\0000156.h5,4,9600000,9600,15
./dataset\train\0000157.h5,5,9600000,9600,15
./dataset\train\0000158.h5,5,9600000,9600,15
./dataset\train\0000159.h5,1,9600000,9600,15
./dataset\train\0000160.h5,8,9600000,9600,15
./dataset\train\0000161.h5,0,9600000,9600,15
./dataset\train\0000162.h5,1,9600000,9600,15
./dataset\train\0000163.h5,5,9600000,9600,15
./dataset\train\0000164.h5,4,9600000,9600,15
./dataset\train\0000165.h5,1,9600000,9600,15
./dataset\train\0000166.h5,2,9600000,9600,15
./dataset\train\0000167.h5,5,9600000,9600,15
./dataset\train\0000168.h5,9,9600000,9600,15
./dataset\train\0000169.h5,9,9600000,9600,15
./dataset\train\0000170.h5,9,9600000,9600,15
./dataset\train\0000171.h5,7,9600000,9600,15
./dataset\train\0000172.h5,5,9600000,9600,15
./dataset\train\0000173.h5,7,9600000,9600,15
./dataset\train\0000174.h5,3,9600000,9600,15
./dataset\train\0000175.h5,2,9600000,9600,15
./dataset\train\0000176.h5,9,9600000,9600,15
./dataset\train\0000177.h5,3,9600000,9600,15
./dataset\train\0000178.h5,9,9600000,9600,15
./dataset\train\0000179.h5,4,9600000,9600,15
./dataset\train\0000180.h5,8,9600000,9600,15
./dataset\train\0000181.h5,6,9600000,9600,15
./dataset\train\0000182.h5,6,9600000,9600,15
./dataset\train\0000183.h5,8,9600000,9600,15
./dataset\train\0000184.h5,9,9600000,9600,15
./dataset\train\0000185.h5,6,9600000,9600,15
./dataset\train\0000186.h5,3,9600000,9600,15
./dataset\train\0000187.h5,1,9600000,9600,15
./dataset\train\0000188.h5,7,9600000,9600,15
./dataset\train\0000189.h5,2,9600000,9600,15
./dataset\train\0000190.h5,1,9600000,9600,15
./dataset\train\0000191.h5,6,9600000,9600,15
./dataset\train\0000192.h5,2,9600000,9600,15
./dataset\train\0000193.h5,2,9600000,9600,15
./dataset\train\0000194.h5,2,9600000,9600,15
./dataset\train\0000195.h5,0,9600000,9600,15
./dataset\train\0000196.h5,2,9600000,9600,15
./dataset\train\0000197.h5,7,9600000,9600,15
./dataset\train\0000198.h5,4,9600000,9600,15
./dataset\train\0000199.h5,7,9600000,9600,15
./dataset\train\0000200.h5,0,9600000,9600,15
./dataset\train\0000201.h5,0,9600000,9600,15
./dataset\train\0000202.h5,1,9600000,9600,15
./dataset\train\0000203.h5,1,9600000,9600,15
./dataset\train\0000204.h5,5,9600000,9600,15
./dataset\train\0000205.h5,4,9600000,9600,15
./dataset\train\0000206.h5,4,9600000,9600,15
./dataset\train\0000207.h5,0,9600000,9600,15
./dataset\train\0000208.h5,2,9600000,9600,15
./dataset\train\0000209.h5,1,9600000,9600,15
./dataset\train\0000210.h5,3,9600000,9600,15
./dataset\train\0000211.h5,2,9600000,9600,15
./dataset\train\0000212.h5,8,9600000,9600,15
./dataset\train\0000213.h5,5,9600000,9600,15
./dataset\train\0000214.h5,6,9600000,9600,15
./dataset\train\0000215.h5,7,9600000,9600,15
./dataset\train\0000216.h5,7,9600000,9600,15
./dataset\train\0000217.h5,8,9600000,9600,15
./dataset\train\0000218.h5,0,9600000,9600,15
./dataset\train\0000219.h5,7,9600000,9600,15
./dataset\train\0000220.h5,2,9600000,9600,15
./dataset\train\0000221.h5,9,9600000,9600,15
./dataset\train\0000222.h5,8,9600000,9600,15
./dataset\train\0000223.h5,6,9600000,9600,15
./dataset\train\0000224.h5,7,9600000,9600,15
./dataset\train\0000225.h5,3,9600000,9600,15
./dataset\train\0000226.h5,7,9600000,9600,15
./dataset\train\0000227.h5,7,9600000,9600,15
./dataset\train\0000228.h5,6,9600000,9600,15
./dataset\train\0000229.h5,0,9600000,9600,15
./dataset\train\0000230.h5,5,9600000,9600,15
./dataset\train\0000231.h5,7,9600000,9600,15
./dataset\train\0000232.h5,6,9600000,9600,15
./dataset\train\0000233.h5,1,9600000,9600,15
./dataset\train\0000234.h5,1,9600000,9600,15
./dataset\train\0000235.h5,9,9600000,9600,15
./dataset\train\0000236.h5,7,9600000,9600,15
./dataset\train\0000237.h5,9,9600000,9600,15
./dataset\train\0000238.h5,8,9600000,9600,15
./dataset\train\0000239.h5,1,9600000,9600,15
./dataset\train\0000240.h5,7,9600000,9600,15
./dataset\train\0000241.h5,8,9600000,9600,15
./dataset\train\0000242.h5,4,9600000,9600,15
./dataset\train\0000243.h5,8,9600000,9600,15
./dataset\train\0000244.h5,9,9600000,9600,15
./dataset\train\0000245.h5,5,9600000,9600,15
./dataset\train\0000246.h5,3,9600000,9600,15
./dataset\train\0000247.h5,5,9600000,9600,15
./dataset\train\0000248.h5,9,9600000,9600,15
./dataset\train\0000249.h5,7,9600000,9600,15
./dataset\train\0000250.h5,7,9600000,9600,15
./dataset\train\0000251.h5,7,9600000,9600,15
./dataset\train\0000252.h5,6,9600000,9600,15
./dataset\train\0000253.h5,9,9600000,9600,15
./dataset\train\0000254.h5,9,9600000,9600,15
./dataset\train\0000255.h5,5,9600000,9600,15
./dataset\train\0000256.h5,0,9600000,9600,15
./dataset\train\0000257.h5,6,9600000,9600,15
./dataset\train\0000258.h5,1,9600000,9600,15
./dataset\train\0000259.h5,2,9600000,9600,15
./dataset\train\0000260.h5,3,9600000,9600,15
./dataset\train\0000261.h5,4,9600000,9600,15
./dataset\train\0000262.h5,3,9600000,9600,15
./dataset\train\0000263.h5,4,9600000,9600,15
./dataset\train\0000264.h5,6,9600000,9600,15
./dataset\train\0000265.h5,9,9600000,9600,15
./dataset\train\0000266.h5,0,9600000,9600,15
./dataset\train\0000267.h5,6,9600000,9600,15
./dataset\train\0000268.h5,9,9600000,9600,15
./dataset\train\0000269.h5,3,9600000,9600,15
./dataset\train\0000270.h5,9,9600000,9600,15
./dataset\train\0000271.h5,8,9600000,9600,15
./dataset\train\0000272.h5,1,9600000,9600,15
./dataset\train\0000273.h5,1,9600000,9600,15
./dataset\train\0000274.h5,2,9600000,9600,15
./dataset\train\0000275.h5,1,9600000,9600,15
./dataset\train\0000276.h5,1,9600000,9600,15
./dataset\train\0000277.h5,2,9600000,9600,15
./dataset\train\0000278.h5,1,9600000,9600,15
./dataset\train\0000279.h5,5,9600000,9600,15
./dataset\train\0000280.h5,9,9600000,9600,15
./dataset\train\0000281.h5,2,9600000,9600,15
./dataset\train\0000282.h5,9,9600000,9600,15
./dataset\train\0000283.h5,1,9600000,9600,15
./dataset\train\0000284.h5,2,9600000,9600,15
./dataset\train\0000285.h5,3,9600000,9600,15
./dataset\train\0000286.h5,0,9600000,9600,15
./dataset\train\0000287.h5,5,9600000,9600,15
./dataset\train\0000288.h5,0,9600000,9600,15
./dataset\train\0000289.h5,9,9600000,9600,15
./dataset\train\0000290.h5,6,9600000,9600,15
./dataset\train\0000291.h5,6,9600000,9600,15
./dataset\train\0000292.h5,8,9600000,9600,15
./dataset\train\0000293.h5,5,9600000,9600,15
./dataset\train\0000294.h5,7,9600000,9600,15
./dataset\train\0000295.h5,0,9600000,9600,15
./dataset\train\0000296.h5,0,9600000,9600,15
./dataset\train\0000297.h5,1,9600000,9600,15
./dataset\train\0000298.h5,1,9600000,9600,15
./dataset\train\0000299.h5,1,9600000,9600,15
./dataset\train\0000300.h5,8,9600000,9600,15
./dataset\train\0000301.h5,0,9600000,9600,15
./dataset\train\0000302.h5,4,9600000,9600,15
./dataset\train\0000303.h5,9,9600000,9600,15
./dataset\train\0000304.h5,4,9600000,9600,15
./dataset\train\0000305.h5,5,9600000,9600,15
./dataset\train\0000306.h5,5,9600000,9600,15
./dataset\train\0000307.h5,0,9600000,9600,15
./dataset\train\0000308.h5,5,9600000,9600,15
./dataset\train\0000309.h5,4,9600000,9600,15
./dataset\train\0000310.h5,7,9600000,9600,15
./dataset\train\0000311.h5,2,9600000,9600,15
./dataset\train\0000312.h5,3,9600000,9600,15
./dataset\train\0000313.h5,5,9600000,9600,15
./dataset\train\0000314.h5,1,9600000,9600,15
./dataset\train\0000315.h5,3,9600000,9600,15
./dataset\train\0000316.h5,2,9600000,9600,15
./dataset\train\0000317.h5,9,9600000,9600,15
./dataset\train\0000318.h5,4,9600000,9600,15
./dataset\train\0000319.h5,2,9600000,9600,15
./dataset\train\0000320.h5,1,9600000,9600,15
./dataset\train\0000321.h5,2,9600000,9600,15
./dataset\train\0000322.h5,6,9600000,9600,15
./dataset\train\0000323.h5,2,9600000,9600,15
./dataset\train\0000324.h5,3,9600000,9600,15
./dataset\train\0000325.h5,2,9600000,9600,15
./dataset\train\0000326.h5,3,9600000,9600,15
./dataset\train\0000327.h5,0,9600000,9600,15
./dataset\train\0000328.h5,9,9600000,9600,15
./dataset\train\0000329.h5,5,9600000,9600,15
./dataset\train\0000330.h5,3,9600000,9600,15
./dataset\train\0000331.h5,5,9600000,9600,15
./dataset\train\0000332.h5,5,9600000,9600,15
./dataset\train\0000333.h5,6,9600000,9600,15
./dataset\train\0000334.h5,3,9600000,9600,15
./dataset\train\0000335.h5,4,9600000,9600,15
./dataset\train\0000336.h5,4,9600000,9600,15
./dataset\train\0000337.h5,5,9600000,9600,15
./dataset\train\0000338.h5,8,9600000,9600,15
./dataset\train\0000339.h5,2,9600000,9600,15
./dataset\train\0000340.h5,9,9600000,9600,15
./dataset\train\0000341.h5,2,9600000,9600,15
./dataset\train\0000342.h5,0,9600000,9600,15
./dataset\train\0000343.h5,9,9600000,9600,15
./dataset\train\0000344.h5,8,9600000,9600,15
./dataset\train\0000345.h5,2,9600000,9600,15
./dataset\train\0000346.h5,1,9600000,9600,15
./dataset\train\0000347.h5,4,9600000,9600,15
./dataset\train\0000348.h5,7,9600000,9600,15
./dataset\train\0000349.h5,8,9600000,9600,15
./dataset\train\0000350.h5,9,9600000,9600,15
./dataset\train\0000351.h5,2,9600000,9600,15
./dataset\train\0000352.h5,7,9600000,9600,15
./dataset\train\0000353.h5,5,9600000,9600,15
./dataset\train\0000354.h5,5,9600000,9600,15
./dataset\train\0000355.h5,1,9600000,9600,15
./dataset\train\0000356.h5,7,9600000,9600,15
./dataset\train\0000357.h5,0,9600000,9600,15
./dataset\train\0000358.h5,1,9600000,9600,15
./dataset\train\0000359.h5,1,9600000,9600,15
./dataset\train\0000360.h5,4,9600000,9600,15
./dataset\train\0000361.h5,2,9600000,9600,15
./dataset\train\0000362.h5,5,9600000,9600,15
./dataset\train\0000363.h5,3,9600000,9600,15
./dataset\train\0000364.h5,1,9600000,9600,15
./dataset\train\0000365.h5,7,9600000,9600,15
./dataset\train\0000366.h5,7,9600000,9600,15
./dataset\train\0000367.h5,3,9600000,9600,15
./dataset\train\0000368.h5,1,9600000,9600,15
./dataset\train\0000369.h5,5,9600000,9600,15
./dataset\train\0000370.h5,6,9600000,9600,15
./dataset\train\0000371.h5,2,9600000,9600,15
./dataset\train\0000372.h5,3,9600000,9600,15
./dataset\train\0000373.h5,9,9600000,9600,15
./dataset\train\0000374.h5,5,9600000,9600,15
./dataset\train\0000375.h5,6,9600000,9600,15
./dataset\train\0000376.h5,1,9600000,9600,15
./dataset\train\0000377.h5,3,9600000,9600,15
./dataset\train\0000378.h5,2,9600000,9600,15
./dataset\train\0000379.h5,0,9600000,9600,15
./dataset\train\0000380.h5,7,9600000,9600,15
./dataset\train\0000381.h5,1,9600000,9600,15
./dataset\train\0000382.h5,2,9600000,9600,15
./dataset\train\0000383.h5,3,9600000,9600,15
./dataset\train\0000384.h5,6,9600000,9600,15
./dataset\train\0000385.h5,6,9600000,9600,15
./dataset\train\0000386.h5,7,9600000,9600,15
./dataset\train\0000387.h5,0,9600000,9600,15
./dataset\train\0000388.h5,7,9600000,9600,15
./dataset\train\0000389.h5,2,9600000,9600,15
./dataset\train\0000390.h5,1,9600000,9600,15
./dataset\train\0000391.h5,0,9600000,9600,15
./dataset\train\0000392.h5,1,9600000,9600,15
./dataset\train\0000393.h5,9,9600000,9600,15
./dataset\train\0000394.h5,7,9600000,9600,15
./dataset\train\0000395.h5,4,9600000,9600,15
./dataset\train\0000396.h5,2,9600000,9600,15
./dataset\train\0000397.h5,7,9600000,9600,15
./dataset\train\0000398.h5,1,9600000,9600,15
./dataset\train\0000399.h5,9,9600000,9600,15
./dataset\train\0000400.h5,2,9600000,9600,15
./dataset\train\0000401.h5,9,9600000,9600,15
./dataset\train\0000402.h5,6,9600000,9600,15
./dataset\train\0000403.h5,3,9600000,9600,15
./dataset\train\0000404.h5,6,9600000,9600,15
./dataset\train\0000405.h5,9,9600000,9600,15
./dataset\train\0000406.h5,5,9600000,9600,15
./dataset\train\0000407.h5,3,9600000,9600,15
./dataset\train\0000408.h5,3,9600000,9600,15
./dataset\train\0000409.h5,9,9600000,9600,15
./dataset\train\0000410.h5,7,9600000,9600,15
./dataset\train\0000411.h5,7,9600000,9600,15
./dataset\train\0000412.h5,2,9600000,9600,15
./dataset\train\0000413.h5,0,9600000,9600,15
./dataset\train\0000414.h5,2,9600000,9600,15
./dataset\train\0000415.h5,7,9600000,9600,15
./dataset\train\0000416.h5,4,9600000,9600,15
./dataset\train\0000417.h5,7,9600000,9600,15
./dataset\train\0000418.h5,3,9600000,9600,15
./dataset\train\0000419.h5,5,9600000,9600,15
./dataset\train\0000420.h5,6,9600000,9600,15
./dataset\train\0000421.h5,9,9600000,9600,15
./dataset\train\0000422.h5,0,9600000,9600,15
./dataset\train\0000423.h5,4,9600000,9600,15
./dataset\train\0000424.h5,2,9600000,9600,15
./dataset\train\0000425.h5,0,9600000,9600,15
./dataset\train\0000426.h5,8,9600000,9600,15
./dataset\train\0000427.h5,5,9600000,9600,15
./dataset\train\0000428.h5,6,9600000,9600,15
./dataset\train\0000429.h5,4,9600000,9600,15
./dataset\train\0000430.h5,9,9600000,9600,15
./dataset\train\0000431.h5,8,9600000,9600,15
./dataset\train\0000432.h5,7,9600000,9600,15
./dataset\train\0000433.h5,5,9600000,9600,15
./dataset\train\0000434.h5,4,9600000,9600,15
./dataset\train\0000435.h5,1,9600000,9600,15
./dataset\train\0000436.h5,7,9600000,9600,15
./dataset\train\0000437.h5,4,9600000,9600,15
./dataset\train\0000438.h5,6,9600000,9600,15
./dataset\train\0000439.h5,1,9600000,9600,15
./dataset\train\0000440.h5,6,9600000,9600,15
./dataset\train\0000441.h5,7,9600000,9600,15
./dataset\train\0000442.h5,6,9600000,9600,15
./dataset\train\0000443.h5,8,9600000,9600,15
./dataset\train\0000444.h5,3,9600000,9600,15
./dataset\train\0000445.h5,6,9600000,9600,15
./dataset\train\0000446.h5,5,9600000,9600,15
./dataset\train\0000447.h5,8,9600000,9600,15
./dataset\train\0000448.h5,2,9600000,9600,15
./dataset\train\0000449.h5,8,9600000,9600,15
./dataset\train\0000450.h5,1,9600000,9600,15
./dataset\train\0000451.h5,0,9600000,9600,15
./dataset\train\0000452.h5,1,9600000,9600,15
./dataset\train\0000453.h5,8,9600000,9600,15
./dataset\train\0000454.h5,8,9600000,9600,15
./dataset\train\0000455.h5,0,9600000,9600,15
./dataset\train\0000456.h5,2,9600000,9600,15
./dataset\train\0000457.h5,0,9600000,9600,15
./dataset\train\0000458.h5,6,9600000,9600,15
./dataset\train\0000459.h5,4,9600000,9600,15
./dataset\train\0000460.h5,5,9600000,9600,15
./dataset\train\0000461.h5,0,9600000,9600,15
./dataset\train\0000462.h5,3,9600000,9600,15
./dataset\train\0000463.h5,1,9600000,9600,15
./dataset\train\0000464.h5,7,9600000,9600,15
./dataset\train\0000465.h5,2,9600000,9600,15
./dataset\train\0000466.h5,4,9600000,9600,15
./dataset\train\0000467.h5,6,9600000,9600,15
./dataset\train\0000468.h5,3,9600000,9600,15
./dataset\train\0000469.h5,6,9600000,9600,15
./dataset\train\0000470.h5,9,9600000,9600,15
./dataset\train\0000471.h5,9,9600000,9600,15
./dataset\train\0000472.h5,4,9600000,9600,15
./dataset\train\0000473.h5,6,9600000,9600,15
./dataset\train\0000474.h5,3,9600000,9600,15
./dataset\train\0000475.h5,9,9600000,9600,15
./dataset\train\0000476.h5,9,9600000,9600,15
./dataset\train\0000477.h5,1,9600000,9600,15
./dataset\train\0000478.h5,5,9600000,9600,15
./dataset\train\0000479.h5,6,9600000,9600,15
./dataset\train\0000480.h5,6,9600000,9600,15
./dataset\train\0000481.h5,1,9600000,9600,15
./dataset\train\0000482.h5,7,9600000,9600,15
./dataset\train\0000483.h5,9,9600000,9600,15
./dataset\train\0000484.h5,4,9600000,9600,15
./dataset\train\0000485.h5,7,9600000,9600,15
./dataset\train\0000486.h5,9,9600000,9600,15
./dataset\train\0000487.h5,4,9600000,9600,15
./dataset\train\0000488.h5,0,9600000,9600,15
./dataset\train\0000489.h5,7,9600000,9600,15
./dataset\train\0000490.h5,7,9600000,9600,15
./dataset\train\0000491.h5,0,9600000,9600,15
./dataset\train\0000492.h5,8,9600000,9600,15
./dataset\train\0000493.h5,9,9600000,9600,15
./dataset\train\0000494.h5,6,9600000,9600,15
./dataset\train\0000495.h5,1,9600000,9600,15
./dataset\train\0000496.h5,1,9600000,9600,15
./dataset\train\0000497.h5,4,9600000,9600,15
./dataset\train\0000498.h5,3,9600000,9600,15
./dataset\train\0000499.h5,7,9600000,9600,15
./dataset\train\0000500.h5,1,9600000,9600,15
./dataset\train\0000501.h5,7,9600000,9600,15
./dataset\train\0000502.h5,9,9600000,9600,15
./dataset\train\0000503.h5,9,9600000,9600,15
./dataset\train\0000504.h5,9,9600000,9600,15
./dataset\train\0000505.h5,5,9600000,9600,15
./dataset\train\0000506.h5,0,9600000,9600,15
./dataset\train\0000507.h5,8,9600000,9600,15
./dataset\train\0000508.h5,5,9600000,9600,15
./dataset\train\0000509.h5,3,9600000,9600,15
./dataset\train\0000510.h5,9,9600000,9600,15
./dataset\train\0000511.h5,5,9600000,9600,15
./dataset\train\0000512.h5,4,9600000,9600,15
./dataset\train\0000513.h5,3,9600000,9600,15
./dataset\train\0000514.h5,6,9600000,9600,15
./dataset\train\0000515.h5,8,9600000,9600,15
./dataset\train\0000516.h5,2,9600000,9600,15
./dataset\train\0000517.h5,2,9600000,9600,15
./dataset\train\0000518.h5,5,9600000,9600,15
./dataset\train\0000519.h5,1,9600000,9600,15
./dataset\train\0000520.h5,9,9600000,9600,15
./dataset\train\0000521.h5,2,9600000,9600,15
./dataset\train\0000522.h5,6,9600000,9600,15
./dataset\train\0000523.h5,3,9600000,9600,15
./dataset\train\0000524.h5,5,9600000,9600,15
./dataset\train\0000525.h5,9,9600000,9600,15
./dataset\train\0000526.h5,8,9600000,9600,15
./dataset\train\0000527.h5,8,9600000,9600,15
./dataset\train\0000528.h5,8,9600000,9600,15
./dataset\train\0000529.h5,8,9600000,9600,15
./dataset\train\0000530.h5,3,9600000,9600,15
./dataset\train\0000531.h5,6,9600000,9600,15
./dataset\train\0000532.h5,5,9600000,9600,15
./dataset\train\0000533.h5,1,9600000,9600,15
./dataset\train\0000534.h5,5,9600000,9600,15
./dataset\train\0000535.h5,1,9600000,9600,15
./dataset\train\0000536.h5,3,9600000,9600,15
./dataset\train\0000537.h5,7,9600000,9600,15
./dataset\train\0000538.h5,3,9600000,9600,15
./dataset\train\0000539.h5,3,9600000,9600,15
./dataset\train\0000540.h5,1,9600000,9600,15
./dataset\train\0000541.h5,9,9600000,9600,15
./dataset\train\0000542.h5,4,9600000,9600,15
./dataset\train\0000543.h5,4,9600000,9600,15
./dataset\train\0000544.h5,0,9600000,9600,15
./dataset\train\0000545.h5,2,9600000,9600,15
./dataset\train\0000546.h5,2,9600000,9600,15
./dataset\train\0000547.h5,2,9600000,9600,15
./dataset\train\0000548.h5,9,9600000,9600,15
./dataset\train\0000549.h5,6,9600000,9600,15
./dataset\train\0000550.h5,8,9600000,9600,15
./dataset\train\0000551.h5,8,9600000,9600,15
./dataset\train\0000552.h5,7,9600000,9600,15
./dataset\train\0000553.h5,4,9600000,9600,15
./dataset\train\0000554.h5,9,9600000,9600,15
./dataset\train\0000555.h5,8,9600000,9600,15
./dataset\train\0000556.h5,6,9600000,9600,15
./dataset\train\0000557.h5,8,9600000,9600,15
./dataset\train\0000558.h5,5,9600000,9600,15
./dataset\train\0000559.h5,4,9600000,9600,15
./dataset\train\0000560.h5,8,9600000,9600,15
./dataset\train\0000561.h5,9,9600000,9600,15
./dataset\train\0000562.h5,8,9600000,9600,15
./dataset\train\0000563.h5,8,9600000,9600,15
./dataset\train\0000564.h5,3,9600000,9600,15
./dataset\train\0000565.h5,0,9600000,9600,15
./dataset\train\0000566.h5,4,9600000,9600,15
./dataset\train\0000567.h5,0,9600000,9600,15
./dataset\train\0000568.h5,4,9600000,9600,15
./dataset\train\0000569.h5,7,9600000,9600,15
./dataset\train\0000570.h5,5,9600000,9600,15
./dataset\train\0000571.h5,7,9600000,9600,15
./dataset\train\0000572.h5,0,9600000,9600,15
./dataset\train\0000573.h5,3,9600000,9600,15
./dataset\train\0000574.h5,7,9600000,9600,15
./dataset\train\0000575.h5,1,9600000,9600,15
./dataset\train\0000576.h5,8,9600000,9600,15
./dataset\train\0000577.h5,4,9600000,9600,15
./dataset\train\0000578.h5,4,9600000,9600,15
./dataset\train\0000579.h5,8,9600000,9600,15
./dataset\train\0000580.h5,5,9600000,9600,15
./dataset\train\0000581.h5,3,9600000,9600,15
./dataset\train\0000582.h5,8,9600000,9600,15
./dataset\train\0000583.h5,0,9600000,9600,15
./dataset\train\0000584.h5,7,9600000,9600,15
./dataset\train\0000585.h5,5,9600000,9600,15
./dataset\train\0000586.h5,9,9600000,9600,15
./dataset\train\0000587.h5,6,9600000,9600,15
./dataset\train\0000588.h5,3,9600000,9600,15
./dataset\train\0000589.h5,6,9600000,9600,15
./dataset\train\0000590.h5,2,9600000,9600,15
./dataset\train\0000591.h5,3,9600000,9600,15
./dataset\train\0000592.h5,5,9600000,9600,15
./dataset\train\0000593.h5,4,9600000,9600,15
./dataset\train\0000594.h5,8,9600000,9600,15
./dataset\train\0000595.h5,6,9600000,9600,15
./dataset\train\0000596.h5,0,9600000,9600,15
./dataset\train\0000597.h5,7,9600000,9600,15
./dataset\train\0000598.h5,7,9600000,9600,15
./dataset\train\0000599.h5,9,9600000,9600,15
./dataset\train\0000600.h5,8,9600000,9600,15
./dataset\train\0000601.h5,7,9600000,9600,15
./dataset\train\0000602.h5,5,9600000,9600,15
./dataset\train\0000603.h5,5,9600000,9600,15
./dataset\train\0000604.h5,1,9600000,9600,15
./dataset\train\0000605.h5,9,9600000,9600,15
./dataset\train\0000606.h5,1,9600000,9600,15
./dataset\train\0000607.h5,7,9600000,9600,15
./dataset\train\0000608.h5,4,9600000,9600,15
./dataset\train\0000609.h5,8,9600000,9600,15
./dataset\train\0000610.h5,5,9600000,9600,15
./dataset\train\0000611.h5,7,9600000,9600,15
./dataset\train\0000612.h5,7,9600000,9600,15
./dataset\train\0000613.h5,6,9600000,9600,15
./dataset\train\0000614.h5,1,9600000,9600,15
./dataset\train\0000615.h5,8,9600000,9600,15
./dataset\train\0000616.h5,6,9600000,9600,15
./dataset\train\0000617.h5,6,9600000,9600,15
./dataset\train\0000618.h5,2,9600000,9600,15
./dataset\train\0000619.h5,1,9600000,9600,15
./dataset\train\0000620.h5,7,9600000,9600,15
./dataset\train\0000621.h5,5,9600000,9600,15
./dataset\train\0000622.h5,6,9600000,9600,15
./dataset\train\0000623.h5,8,9600000,9600,15
./dataset\train\0000624.h5,3,9600000,9600,15
./dataset\train\0000625.h5,4,9600000,9600,15
./dataset\train\0000626.h5,2,9600000,9600,15
./dataset\train\0000627.h5,0,9600000,9600,15
./dataset\train\0000628.h5,4,9600000,9600,15
./dataset\train\0000629.h5,1,9600000,9600,15
./dataset\train\0000630.h5,2,9600000,9600,15
./dataset\train\0000631.h5,0,9600000,9600,15
./dataset\train\0000632.h5,7,9600000,9600,15
./dataset\train\0000633.h5,5,9600000,9600,15
./dataset\train\0000634.h5,2,9600000,9600,15
./dataset\train\0000635.h5,8,9600000,9600,15
./dataset\train\0000636.h5,4,9600000,9600,15
./dataset\train\0000637.h5,4,9600000,9600,15
./dataset\train\0000638.h5,9,9600000,9600,15
./dataset\train\0000639.h5,9,9600000,9600,15
./dataset\train\0000640.h5,0,9600000,9600,15
./dataset\train\0000641.h5,4,9600000,9600,15
./dataset\train\0000642.h5,4,9600000,9600,15
./dataset\train\0000643.h5,9,9600000,9600,15
./dataset\train\0000644.h5,9,9600000,9600,15
./dataset\train\0000645.h5,8,9600000,9600,15
./dataset\train\0000646.h5,3,9600000,9600,15
./dataset\train\0000647.h5,8,9600000,9600,15
./dataset\train\0000648.h5,8,9600000,9600,15
./dataset\train\0000649.h5,0,9600000,9600,15
./dataset\train\0000650.h5,3,9600000,9600,15
./dataset\train\0000651.h5,6,9600000,9600,15
./dataset\train\0000652.h5,8,9600000,9600,15
./dataset\train\0000653.h5,8,9600000,9600,15
./dataset\train\0000654.h5,2,9600000,9600,15
./dataset\train\0000655.h5,7,9600000,9600,15
./dataset\train\0000656.h5,4,9600000,9600,15
./dataset\train\0000657.h5,8,9600000,9600,15
./dataset\train\0000658.h5,0,9600000,9600,15
./dataset\train\0000659.h5,6,9600000,9600,15
./dataset\train\0000660.h5,2,9600000,9600,15
./dataset\train\0000661.h5,1,9600000,9600,15
./dataset\train\0000662.h5,5,9600000,9600,15
./dataset\train\0000663.h5,2,9600000,9600,15
./dataset\train\0000664.h5,3,9600000,9600,15
./dataset\train\0000665.h5,6,9600000,9600,15
./dataset\train\0000666.h5,3,9600000,9600,15
./dataset\train\0000667.h5,1,9600000,9600,15
./dataset\train\0000668.h5,8,9600000,9600,15
./dataset\train\0000669.h5,0,9600000,9600,15
./dataset\train\0000670.h5,2,9600000,9600,15
./dataset\train\0000671.h5,8,9600000,9600,15
./dataset\train\0000672.h5,3,9600000,9600,15
./dataset\train\0000673.h5,4,9600000,9600,15
./dataset\train\0000674.h5,7,9600000,9600,15
./dataset\train\0000675.h5,4,9600000,9600,15
./dataset\train\0000676.h5,7,9600000,9600,15
./dataset\train\0000677.h5,4,9600000,9600,15
./dataset\train\0000678.h5,3,9600000,9600,15
./dataset\train\0000679.h5,4,9600000,9600,15
./dataset\train\0000680.h5,7,9600000,9600,15
./dataset\train\0000681.h5,4,9600000,9600,15
./dataset\train\0000682.h5,5,9600000,9600,15
./dataset\train\0000683.h5,8,9600000,9600,15
./dataset\train\0000684.h5,6,9600000,9600,15
./dataset\train\0000685.h5,9,9600000,9600,15
./dataset\train\0000686.h5,3,9600000,9600,15
./dataset\train\0000687.h5,7,9600000,9600,15
./dataset\train\0000688.h5,1,9600000,9600,15
./dataset\train\0000689.h5,3,9600000,9600,15
./dataset\train\0000690.h5,0,9600000,9600,15
./dataset\train\0000691.h5,9,9600000,9600,15
./dataset\train\0000692.h5,2,9600000,9600,15
./dataset\train\0000693.h5,2,9600000,9600,15
./dataset\train\0000694.h5,2,9600000,9600,15
./dataset\train\0000695.h5,4,9600000,9600,15
./dataset\train\0000696.h5,6,9600000,9600,15
./dataset\train\0000697.h5,4,9600000,9600,15
./dataset\train\0000698.h5,5,9600000,9600,15
./dataset\train\0000699.h5,7,9600000,9600,15
./dataset\train\0000700.h5,4,9600000,9600,15
./dataset\train\0000701.h5,0,9600000,9600,15
./dataset\train\0000702.h5,7,9600000,9600,15
./dataset\train\0000703.h5,9,9600000,9600,15
./dataset\train\0000704.h5,0,9600000,9600,15
./dataset\train\0000705.h5,1,9600000,9600,15
./dataset\train\0000706.h5,2,9600000,9600,15
./dataset\train\0000707.h5,0,9600000,9600,15
./dataset\train\0000708.h5,3,9600000,9600,15
./dataset\train\0000709.h5,4,9600000,9600,15
./dataset\train\0000710.h5,9,9600000,9600,15
./dataset\train\0000711.h5,2,9600000,9600,15
./dataset\train\0000712.h5,4,9600000,9600,15
./dataset\train\0000713.h5,0,9600000,9600,15
./dataset\train\0000714.h5,2,9600000,9600,15
./dataset\train\0000715.h5,1,9600000,9600,15
./dataset\train\0000716.h5,5,9600000,9600,15
./dataset\train\0000717.h5,1,9600000,9600,15
./dataset\train\0000718.h5,6,9600000,9600,15
./dataset\train\0000719.h5,8,9600000,9600,15
./dataset\train\0000720.h5,1,9600000,9600,15
./dataset\train\0000721.h5,7,9600000,9600,15
./dataset\train\0000722.h5,4,9600000,9600,15
./dataset\train\0000723.h5,7,9600000,9600,15
./dataset\train\0000724.h5,0,9600000,9600,15
./dataset\train\0000725.h5,2,9600000,9600,15
./dataset\train\0000726.h5,1,9600000,9600,15
./dataset\train\0000727.h5,1,9600000,9600,15
./dataset\train\0000728.h5,4,9600000,9600,15
./dataset\train\0000729.h5,7,9600000,9600,15
./dataset\train\0000730.h5,9,9600000,9600,15
./dataset\train\0000731.h5,3,9600000,9600,15
./dataset\train\0000732.h5,8,9600000,9600,15
./dataset\train\0000733.h5,1,9600000,9600,15
./dataset\train\0000734.h5,1,9600000,9600,15
./dataset\train\0000735.h5,1,9600000,9600,15
./dataset\train\0000736.h5,8,9600000,9600,15
./dataset\train\0000737.h5,9,9600000,9600,15
./dataset\train\0000738.h5,1,9600000,9600,15
./dataset\train\0000739.h5,6,9600000,9600,15
./dataset\train\0000740.h5,7,9600000,9600,15
./dataset\train\0000741.h5,7,9600000,9600,15
./dataset\train\0000742.h5,0,9600000,9600,15
./dataset\train\0000743.h5,7,9600000,9600,15
./dataset\train\0000744.h5,5,9600000,9600,15
./dataset\train\0000745.h5,6,9600000,9600,15
./dataset\train\0000746.h5,7,9600000,9600,15
./dataset\train\0000747.h5,1,9600000,9600,15
./dataset\train\0000748.h5,6,9600000,9600,15
./dataset\train\0000749.h5,7,9600000,9600,15
./dataset\train\0000750.h5,2,9600000,9600,15
./dataset\train\0000751.h5,6,9600000,9600,15
./dataset\train\0000752.h5,4,9600000,9600,15
./dataset\train\0000753.h5,4,9600000,9600,15
./dataset\train\0000754.h5,8,9600000,9600,15
./dataset\train\0000755.h5,4,9600000,9600,15
./dataset\train\0000756.h5,6,9600000,9600,15
./dataset\train\0000757.h5,8,9600000,9600,15
./dataset\train\0000758.h5,4,9600000,9600,15
./dataset\train\0000759.h5,9,9600000,9600,15
./dataset\train\0000760.h5,3,9600000,9600,15
./dataset\train\0000761.h5,0,9600000,9600,15
./dataset\train\0000762.h5,0,9600000,9600,15
./dataset\train\0000763.h5,5,9600000,9600,15
./dataset\train\0000764.h5,8,9600000,9600,15
./dataset\train\0000765.h5,2,9600000,9600,15
./dataset\train\0000766.h5,0,9600000,9600,15
./dataset\train\0000767.h5,5,9600000,9600,15
./dataset\train\0000768.h5,8,9600000,9600,15
./dataset\train\0000769.h5,8,9600000,9600,15
./dataset\train\0000770.h5,5,9600000,9600,15
./dataset\train\0000771.h5,7,9600000,9600,15
./dataset\train\0000772.h5,9,9600000,9600,15
./dataset\train\0000773.h5,0,9600000,9600,15
./dataset\train\0000774.h5,4,9600000,9600,15
./dataset\train\0000775.h5,6,9600000,9600,15
./dataset\train\0000776.h5,4,9600000,9600,15
./dataset\train\0000777.h5,2,9600000,9600,15
./dataset\train\0000778.h5,6,9600000,9600,15
./dataset\train\0000779.h5,2,9600000,9600,15
./dataset\train\0000780.h5,4,9600000,9600,15
./dataset\train\0000781.h5,4,9600000,9600,15
./dataset\train\0000782.h5,0,9600000,9600,15
./dataset\train\0000783.h5,1,9600000,9600,15
./dataset\train\0000784.h5,3,9600000,9600,15
./dataset\train\0000785.h5,1,9600000,9600,15
./dataset\train\0000786.h5,0,9600000,9600,15
./dataset\train\0000787.h5,9,9600000,9600,15
./dataset\train\0000788.h5,9,9600000,9600,15
./dataset\train\0000789.h5,2,9600000,9600,15
./dataset\train\0000790.h5,1,9600000,9600,15
./dataset\train\0000791.h5,2,9600000,9600,15
./dataset\train\0000792.h5,4,9600000,9600,15
./dataset\train\0000793.h5,1,9600000,9600,15
./dataset\train\0000794.h5,0,9600000,9600,15
./dataset\train\0000795.h5,4,9600000,9600,15
./dataset\train\0000796.h5,9,9600000,9600,15
./dataset\train\0000797.h5,6,9600000,9600,15
./dataset\train\0000798.h5,3,9600000,9600,15
./dataset\train\0000799.h5,7,9600000,9600,15
./dataset\train\0000800.h5,0,9600000,9600,15
./dataset\train\0000801.h5,2,9600000,9600,15
./dataset\train\0000802.h5,2,9600000,9600,15
./dataset\train\0000803.h5,7,9600000,9600,15
./dataset\train\0000804.h5,6,9600000,9600,15
./dataset\train\0000805.h5,4,9600000,9600,15
./dataset\train\0000806.h5,2,9600000,9600,15
./dataset\train\0000807.h5,5,9600000,9600,15
./dataset\train\0000808.h5,1,9600000,9600,15
./dataset\train\0000809.h5,9,9600000,9600,15
./dataset\train\0000810.h5,6,9600000,9600,15
./dataset\train\0000811.h5,8,9600000,9600,15
./dataset\train\0000812.h5,1,9600000,9600,15
./dataset\train\0000813.h5,1,9600000,9600,15
./dataset\train\0000814.h5,0,9600000,9600,15
./dataset\train\0000815.h5,3,9600000,9600,15
./dataset\train\0000816.h5,8,9600000,9600,15
./dataset\train\0000817.h5,2,9600000,9600,15
./dataset\train\0000818.h5,6,9600000,9600,15
./dataset\train\0000819.h5,6,9600000,9600,15
./dataset\train\0000820.h5,8,9600000,9600,15
./dataset\train\0000821.h5,6,9600000,9600,15
./dataset\train\0000822.h5,8,9600000,9600,15
./dataset\train\0000823.h5,9,9600000,9600,15
./dataset\train\0000824.h5,4,9600000,9600,15
./dataset\train\0000825.h5,4,9600000,9600,15
./dataset\train\0000826.h5,9,9600000,9600,15
./dataset\train\0000827.h5,5,9600000,9600,15
./dataset\train\0000828.h5,6,9600000,9600,15
./dataset\train\0000829.h5,5,9600000,9600,15
./dataset\train\0000830.h5,8,9600000,9600,15
./dataset\train\0000831.h5,0,9600000,9600,15
./dataset\train\0000832.h5,6,9600000,9600,15
./dataset\train\0000833.h5,0,9600000,9600,15
./dataset\train\0000834.h5,4,9600000,9600,15
./dataset\train\0000835.h5,2,9600000,9600,15
./dataset\train\0000836.h5,5,9600000,9600,15
./dataset\train\0000837.h5,4,9600000,9600,15
./dataset\train\0000838.h5,6,9600000,9600,15
./dataset\train\0000839.h5,7,9600000,9600,15
./dataset\train\0000840.h5,9,9600000,9600,15
./dataset\train\0000841.h5,1,9600000,9600,15
./dataset\train\0000842.h5,9,9600000,9600,15
./dataset\train\0000843.h5,9,9600000,9600,15
./dataset\train\0000844.h5,9,9600000,9600,15
./dataset\train\0000845.h5,9,9600000,9600,15
./dataset\train\0000846.h5,2,9600000,9600,15
./dataset\train\0000847.h5,9,9600000,9600,15
./dataset\train\0000848.h5,2,9600000,9600,15
./dataset\train\0000849.h5,3,9600000,9600,15
./dataset\train\0000850.h5,5,9600000,9600,15
./dataset\train\0000851.h5,2,9600000,9600,15
./dataset\train\0000852.h5,3,9600000,9600,15
./dataset\train\0000853.h5,8,9600000,9600,15
./dataset\train\0000854.h5,0,9600000,9600,15
./dataset\train\0000855.h5,3,9600000,9600,15
./dataset\train\0000856.h5,4,9600000,9600,15
./dataset\train\0000857.h5,4,9600000,9600,15
./dataset\train\0000858.h5,8,9600000,9600,15
./dataset\train\0000859.h5,7,9600000,9600,15
./dataset\train\0000860.h5,7,9600000,9600,15
./dataset\train\0000861.h5,2,9600000,9600,15
./dataset\train\0000862.h5,9,9600000,9600,15
./dataset\train\0000863.h5,0,9600000,9600,15
./dataset\train\0000864.h5,2,9600000,9600,15
./dataset\train\0000865.h5,0,9600000,9600,15
./dataset\train\0000866.h5,5,9600000,9600,15
./dataset\train\0000867.h5,8,9600000,9600,15
./dataset\train\0000868.h5,0,9600000,9600,15
./dataset\train\0000869.h5,2,9600000,9600,15
./dataset\train\0000870.h5,6,9600000,9600,15
./dataset\train\0000871.h5,1,9600000,9600,15
./dataset\train\0000872.h5,6,9600000,9600,15
./dataset\train\0000873.h5,7,9600000,9600,15
./dataset\train\0000874.h5,3,9600000,9600,15
./dataset\train\0000875.h5,0,9600000,9600,15
./dataset\train\0000876.h5,3,9600000,9600,15
./dataset\train\0000877.h5,4,9600000,9600,15
./dataset\train\0000878.h5,3,9600000,9600,15
./dataset\train\0000879.h5,9,9600000,9600,15
./dataset\train\0000880.h5,0,9600000,9600,15
./dataset\train\0000881.h5,4,9600000,9600,15
./dataset\train\0000882.h5,2,9600000,9600,15
./dataset\train\0000883.h5,2,9600000,9600,15
./dataset\train\0000884.h5,4,9600000,9600,15
./dataset\train\0000885.h5,3,9600000,9600,15
./dataset\train\0000886.h5,0,9600000,9600,15
./dataset\train\0000887.h5,6,9600000,9600,15
./dataset\train\0000888.h5,1,9600000,9600,15
./dataset\train\0000889.h5,4,9600000,9600,15
./dataset\train\0000890.h5,2,9600000,9600,15
./dataset\train\0000891.h5,6,9600000,9600,15
./dataset\train\0000892.h5,0,9600000,9600,15
./dataset\train\0000893.h5,3,9600000,9600,15
./dataset\train\0000894.h5,7,9600000,9600,15
./dataset\train\0000895.h5,2,9600000,9600,15
./dataset\train\0000896.h5,0,9600000,9600,15
./dataset\train\0000897.h5,7,9600000,9600,15
./dataset\train\0000898.h5,5,9600000,9600,15
./dataset\train\0000899.h5,9,9600000,9600,15
./dataset\train\0000900.h5,4,9600000,9600,15
./dataset\train\0000901.h5,9,9600000,9600,15
./dataset\train\0000902.h5,8,9600000,9600,15
./dataset\train\0000903.h5,4,9600000,9600,15
./dataset\train\0000904.h5,2,9600000,9600,15
./dataset\train\0000905.h5,0,9600000,9600,15
./dataset\train\0000906.h5,5,9600000,9600,15
./dataset\train\0000907.h5,2,9600000,9600,15
./dataset\train\0000908.h5,4,9600000,9600,15
./dataset\train\0000909.h5,9,9600000,9600,15
./dataset\train\0000910.h5,1,9600000,9600,15
./dataset\train\0000911.h5,8,9600000,9600,15
./dataset\train\0000912.h5,1,9600000,9600,15
./dataset\train\0000913.h5,8,9600000,9600,15
./dataset\train\0000914.h5,4,9600000,9600,15
./dataset\train\0000915.h5,4,9600000,9600,15
./dataset\train\0000916.h5,8,9600000,9600,15
./dataset\train\0000917.h5,1,9600000,9600,15
./dataset\train\0000918.h5,3,9600000,9600,15
./dataset\train\0000919.h5,6,9600000,9600,15
./dataset\train\0000920.h5,1,9600000,9600,15
./dataset\train\0000921.h5,2,9600000,9600,15
./dataset\train\0000922.h5,2,9600000,9600,15
./dataset\train\0000923.h5,7,9600000,9600,15
./dataset\train\0000924.h5,1,9600000,9600,15
./dataset\train\0000925.h5,5,9600000,9600,15
./dataset\train\0000926.h5,2,9600000,9600,15
./dataset\train\0000927.h5,6,9600000,9600,15
./dataset\train\0000928.h5,9,9600000,9600,15
./dataset\train\0000929.h5,2,9600000,9600,15
./dataset\train\0000930.h5,7,9600000,9600,15
./dataset\train\0000931.h5,5,9600000,9600,15
./dataset\train\0000932.h5,0,9600000,9600,15
./dataset\train\0000933.h5,4,9600000,9600,15
./dataset\train\0000934.h5,4,9600000,9600,15
./dataset\train\0000935.h5,6,9600000,9600,15
./dataset\train\0000936.h5,0,9600000,9600,15
./dataset\train\0000937.h5,2,9600000,9600,15
./dataset\train\0000938.h5,6,9600000,9600,15
./dataset\train\0000939.h5,1,9600000,9600,15
./dataset\train\0000940.h5,2,9600000,9600,15
./dataset\train\0000941.h5,2,9600000,9600,15
./dataset\train\0000942.h5,5,9600000,9600,15
./dataset\train\0000943.h5,9,9600000,9600,15
./dataset\train\0000944.h5,3,9600000,9600,15
./dataset\train\0000945.h5,1,9600000,9600,15
./dataset\train\0000946.h5,3,9600000,9600,15
./dataset\train\0000947.h5,2,9600000,9600,15
./dataset\train\0000948.h5,9,9600000,9600,15
./dataset\train\0000949.h5,8,9600000,9600,15
./dataset\train\0000950.h5,6,9600000,9600,15
./dataset\train\0000951.h5,1,9600000,9600,15
./dataset\train\0000952.h5,2,9600000,9600,15
./dataset\train\0000953.h5,7,9600000,9600,15
./dataset\train\0000954.h5,3,9600000,9600,15
./dataset\train\0000955.h5,3,9600000,9600,15
./dataset\train\0000956.h5,2,9600000,9600,15
./dataset\train\0000957.h5,0,9600000,9600,15
./dataset\train\0000958.h5,7,9600000,9600,15
./dataset\train\0000959.h5,0,9600000,9600,15
./dataset\train\0000960.h5,5,9600000,9600,15
./dataset\train\0000961.h5,1,9600000,9600,15
./dataset\train\0000962.h5,2,9600000,9600,15
./dataset\train\0000963.h5,4,9600000,9600,15
./dataset\train\0000964.h5,0,9600000,9600,15
./dataset\train\0000965.h5,1,9600000,9600,15
./dataset\train\0000966.h5,8,9600000,9600,15
./dataset\train\0000967.h5,5,9600000,9600,15
./dataset\train\0000968.h5,8,9600000,9600,15
./dataset\train\0000969.h5,8,9600000,9600,15
./dataset\train\0000970.h5,4,9600000,9600,15
./dataset\train\0000971.h5,4,9600000,9600,15
./dataset\train\0000972.h5,5,9600000,9600,15
./dataset\train\0000973.h5,4,9600000,9600,15
./dataset\train\0000974.h5,3,9600000,9600,15
./dataset\train\0000975.h5,2,9600000,9600,15
./dataset\train\0000976.h5,5,9600000,9600,15
./dataset\train\0000977.h5,7,9600000,9600,15
./dataset\train\0000978.h5,2,9600000,9600,15
./dataset\train\0000979.h5,2,9600000,9600,15
./dataset\train\0000980.h5,6,9600000,9600,15
./dataset\train\0000981.h5,0,9600000,9600,15
./dataset\train\0000982.h5,4,9600000,9600,15
./dataset\train\0000983.h5,3,9600000,9600,15
./dataset\train\0000984.h5,3,9600000,9600,15
./dataset\train\0000985.h5,0,9600000,9600,15
./dataset\train\0000986.h5,5,9600000,9600,15
./dataset\train\0000987.h5,1,9600000,9600,15
./dataset\train\0000988.h5,5,9600000,9600,15
./dataset\train\0000989.h5,3,9600000,9600,15
./dataset\train\0000990.h5,0,9600000,9600,15
./dataset\train\0000991.h5,5,9600000,9600,15
./dataset\train\0000992.h5,6,9600000,9600,15
./dataset\train\0000993.h5,3,9600000,9600,15
./dataset\train\0000994.h5,2,9600000,9600,15
./dataset\train\0000995.h5,7,9600000,9600,15
./dataset\train\0000996.h5,1,9600000,9600,15
./dataset\train\0000997.h5,4,9600000,9600,15
./dataset\train\0000998.h5,6,9600000,9600,15
./dataset\train\0000999.h5,0,9600000,9600,15
